{
  "version": "metrics_v2",
  "run_id": "onnxlab_wave03_vst_cell_008_expansion_followthrough_h12_v0",
  "status": "executed_proxy_observation_l4_required",
  "sample_counts": {
    "raw_rows": 308002,
    "train_label_eligible_rows": 75929,
    "validation_label_eligible_rows": 27652,
    "research_oos_a_label_eligible_rows": 23359,
    "locked_final_oos_b_withheld_rows": 19487,
    "locked_final_oos_b_use": "withheld_not_used"
  },
  "model_metrics": {
    "train": {
      "row_count": 75929,
      "score_mean": 0.4406516443824269,
      "score_std": 0.033332276043196635,
      "accuracy": 0.5729036336577592,
      "balanced_accuracy": 0.5165396648806251,
      "roc_auc": 0.6152957213572499,
      "average_precision": 0.5590873442170103,
      "log_loss": 0.6738458758677321,
      "positive_rate": 0.4406880111683283
    },
    "validation": {
      "row_count": 27652,
      "score_mean": 0.44076573330620833,
      "score_std": 0.033025593815662724,
      "accuracy": 0.5644076377838855,
      "balanced_accuracy": 0.5001695615564014,
      "roc_auc": 0.5339256480912351,
      "average_precision": 0.45525920628047856,
      "log_loss": 0.683162131709024,
      "positive_rate": 0.4328800810067988
    },
    "research_oos_a": {
      "row_count": 23359,
      "score_mean": 0.4369663387017521,
      "score_std": 0.03654469976690446,
      "accuracy": 0.5701442698745666,
      "balanced_accuracy": 0.5061558578012592,
      "roc_auc": 0.537913913857511,
      "average_precision": 0.472231245943608,
      "log_loss": 0.6823971550838719,
      "positive_rate": 0.4329380538550452
    }
  },
  "trading_proxy_metrics": {
    "validation": {
      "decision_family": "decision_wave03_continuation_abstain_timeout_h12_v0",
      "threshold_policy": "train_quantile_proxy_threshold",
      "threshold_fit_scope": "train_only",
      "long_count": 5771,
      "short_count": 5534,
      "directional_accuracy": 0.48120300751879697,
      "proxy_boundary": "gross_future_return_direction_proxy_no_cost_no_execution",
      "trade_count": 11305,
      "trade_density": 0.4088311876175322,
      "gross_proxy_mean_return": -0.0001291815060965206,
      "gross_proxy_profit_factor": 0.8735018563602354,
      "score_low_threshold": 0.41612376692604475,
      "score_high_threshold": 0.46666926352351157
    },
    "research_oos_a": {
      "decision_family": "decision_wave03_continuation_abstain_timeout_h12_v0",
      "threshold_policy": "train_quantile_proxy_threshold",
      "threshold_fit_scope": "train_only",
      "long_count": 4636,
      "short_count": 5768,
      "directional_accuracy": 0.507112648981161,
      "proxy_boundary": "gross_future_return_direction_proxy_no_cost_no_execution",
      "trade_count": 10404,
      "trade_density": 0.4453957789288925,
      "gross_proxy_mean_return": -5.5051750350128065e-05,
      "gross_proxy_profit_factor": 0.9462821721256095,
      "score_low_threshold": 0.41612376692604475,
      "score_high_threshold": 0.46666926352351157
    }
  },
  "runtime_metrics": {},
  "judgment_label": "preserved_clue",
  "claim_boundary": "wave03_proxy_observation_l4_required_no_candidate_no_selected_baseline_no_runtime_authority_no_economics_pass_no_live_readiness_no_goal_achieve",
  "missing_evidence": [
    "ONNX_export_not_materialized_for_L4_yet",
    "MT5_L4_split_runtime_probe_not_run_yet",
    "candidate_selection_forbidden_before_L4"
  ]
}
