{
  "version": "metrics_v2",
  "run_id": "onnxlab_wave03_vst_cell_003_compression_continuation_h6_v0",
  "status": "executed_proxy_observation_l4_required",
  "sample_counts": {
    "raw_rows": 308002,
    "train_label_eligible_rows": 69445,
    "validation_label_eligible_rows": 27330,
    "research_oos_a_label_eligible_rows": 22560,
    "locked_final_oos_b_withheld_rows": 18967,
    "locked_final_oos_b_use": "withheld_not_used"
  },
  "model_metrics": {
    "train": {
      "row_count": 69445,
      "score_mean": 0.3968016228875052,
      "score_std": 0.03564621491615151,
      "accuracy": 0.6047231622147022,
      "balanced_accuracy": 0.5019606074395214,
      "roc_auc": 0.6152416035368704,
      "average_precision": 0.5105449637688153,
      "log_loss": 0.6593134256852238,
      "positive_rate": 0.3968032255741954
    },
    "validation": {
      "row_count": 27330,
      "score_mean": 0.3971808765845386,
      "score_std": 0.03205385441140062,
      "accuracy": 0.5942188071716062,
      "balanced_accuracy": 0.4996144488566054,
      "roc_auc": 0.524046854668912,
      "average_precision": 0.41862742849767326,
      "log_loss": 0.6746894523261332,
      "positive_rate": 0.4053055250640322
    },
    "research_oos_a": {
      "row_count": 22560,
      "score_mean": 0.3948349707537153,
      "score_std": 0.03327102875430341,
      "accuracy": 0.5921542553191489,
      "balanced_accuracy": 0.5002029676179517,
      "roc_auc": 0.5166196130485984,
      "average_precision": 0.420137010214351,
      "log_loss": 0.6762678921503155,
      "positive_rate": 0.40784574468085105
    }
  },
  "trading_proxy_metrics": {
    "validation": {
      "decision_family": "decision_wave03_continuation_abstain_timeout_h6_v0",
      "threshold_policy": "train_quantile_proxy_threshold",
      "threshold_fit_scope": "train_only",
      "long_count": 5156,
      "short_count": 5062,
      "directional_accuracy": 0.4952045410060677,
      "proxy_boundary": "gross_future_return_direction_proxy_no_cost_no_execution",
      "trade_count": 10218,
      "trade_density": 0.3738748627881449,
      "gross_proxy_mean_return": 3.3609191715743947e-06,
      "gross_proxy_profit_factor": 1.0071686840589122,
      "score_low_threshold": 0.3733095857040331,
      "score_high_threshold": 0.42407907846991805
    },
    "research_oos_a": {
      "decision_family": "decision_wave03_continuation_abstain_timeout_h6_v0",
      "threshold_policy": "train_quantile_proxy_threshold",
      "threshold_fit_scope": "train_only",
      "long_count": 3810,
      "short_count": 4704,
      "directional_accuracy": 0.48907681465821,
      "proxy_boundary": "gross_future_return_direction_proxy_no_cost_no_execution",
      "trade_count": 8514,
      "trade_density": 0.3773936170212766,
      "gross_proxy_mean_return": -8.29927606766486e-05,
      "gross_proxy_profit_factor": 0.8604841837006441,
      "score_low_threshold": 0.3733095857040331,
      "score_high_threshold": 0.42407907846991805
    }
  },
  "runtime_metrics": {},
  "judgment_label": "inconclusive",
  "claim_boundary": "wave03_proxy_observation_l4_required_no_candidate_no_selected_baseline_no_runtime_authority_no_economics_pass_no_live_readiness_no_goal_achieve",
  "missing_evidence": [
    "ONNX_export_not_materialized_for_L4_yet",
    "MT5_L4_split_runtime_probe_not_run_yet",
    "candidate_selection_forbidden_before_L4"
  ]
}
