{
  "version": "metrics_v2",
  "run_id": "onnxlab_wave03_vst_cell_012_range_expansion_adverse_h8_v0",
  "status": "executed_proxy_observation_l4_required",
  "sample_counts": {
    "raw_rows": 308002,
    "train_label_eligible_rows": 75938,
    "validation_label_eligible_rows": 27656,
    "research_oos_a_label_eligible_rows": 23359,
    "locked_final_oos_b_withheld_rows": 19489,
    "locked_final_oos_b_use": "withheld_not_used"
  },
  "model_metrics": {
    "train": {
      "row_count": 75938,
      "score_mean": 0.4889608194482096,
      "score_std": 0.0985193636688335,
      "accuracy": 0.5853459401090363,
      "balanced_accuracy": 0.5846120007880173,
      "roc_auc": 0.6141647961624176,
      "average_precision": 0.30138942160486415,
      "log_loss": 0.6731205813819006,
      "positive_rate": 0.22061418525639337
    },
    "validation": {
      "row_count": 27656,
      "score_mean": 0.49267534638239074,
      "score_std": 0.09601128400412055,
      "accuracy": 0.5727870986404396,
      "balanced_accuracy": 0.5774357008910791,
      "roc_auc": 0.6077274574817618,
      "average_precision": 0.3111490053782471,
      "log_loss": 0.6778233279538365,
      "positive_rate": 0.2335478738790859
    },
    "research_oos_a": {
      "row_count": 23359,
      "score_mean": 0.5017733623667204,
      "score_std": 0.09321649529053797,
      "accuracy": 0.5527205787919003,
      "balanced_accuracy": 0.570121451324884,
      "roc_auc": 0.5982923077762988,
      "average_precision": 0.30509525604207266,
      "log_loss": 0.6897244723739375,
      "positive_rate": 0.23656834624769896
    }
  },
  "trading_proxy_metrics": {
    "validation": {
      "decision_family": "decision_wave03_vol_stop_timeout_h8_v0",
      "threshold_policy": "train_quantile_proxy_threshold",
      "threshold_fit_scope": "train_only",
      "long_count": 5640,
      "short_count": 4857,
      "directional_accuracy": 0.5119557968943508,
      "proxy_boundary": "gross_future_return_direction_proxy_no_cost_no_execution",
      "trade_count": 10497,
      "trade_density": 0.37955597338733005,
      "gross_proxy_mean_return": 0.00012742284719898553,
      "gross_proxy_profit_factor": 1.157621368198117,
      "score_low_threshold": 0.3974839611631409,
      "score_high_threshold": 0.5782818694271807
    },
    "research_oos_a": {
      "decision_family": "decision_wave03_vol_stop_timeout_h8_v0",
      "threshold_policy": "train_quantile_proxy_threshold",
      "threshold_fit_scope": "train_only",
      "long_count": 5025,
      "short_count": 3029,
      "directional_accuracy": 0.5062080953563447,
      "proxy_boundary": "gross_future_return_direction_proxy_no_cost_no_execution",
      "trade_count": 8054,
      "trade_density": 0.3447921571985102,
      "gross_proxy_mean_return": 3.961419484642716e-05,
      "gross_proxy_profit_factor": 1.0433193345183955,
      "score_low_threshold": 0.3974839611631409,
      "score_high_threshold": 0.5782818694271807
    }
  },
  "runtime_metrics": {},
  "judgment_label": "preserved_clue",
  "claim_boundary": "wave03_proxy_observation_l4_required_no_candidate_no_selected_baseline_no_runtime_authority_no_economics_pass_no_live_readiness_no_goal_achieve",
  "missing_evidence": [
    "ONNX_export_not_materialized_for_L4_yet",
    "MT5_L4_split_runtime_probe_not_run_yet",
    "candidate_selection_forbidden_before_L4"
  ]
}
