{
  "version": "metrics_v2",
  "run_id": "onnxlab_wave03_vst_cell_011_range_expansion_adverse_h6_v0",
  "status": "executed_proxy_observation_l4_required",
  "sample_counts": {
    "raw_rows": 308002,
    "train_label_eligible_rows": 75938,
    "validation_label_eligible_rows": 27658,
    "research_oos_a_label_eligible_rows": 23359,
    "locked_final_oos_b_withheld_rows": 19489,
    "locked_final_oos_b_use": "withheld_not_used"
  },
  "model_metrics": {
    "train": {
      "row_count": 75938,
      "score_mean": 0.2108041610212515,
      "score_std": 0.06755013305009612,
      "accuracy": 0.7908161921567595,
      "balanced_accuracy": 0.5063298464924514,
      "roc_auc": 0.6446959764167552,
      "average_precision": 0.3330678859816442,
      "log_loss": 0.49301277641676017,
      "positive_rate": 0.21082988753983514
    },
    "validation": {
      "row_count": 27658,
      "score_mean": 0.2106065151643302,
      "score_std": 0.06982384517986055,
      "accuracy": 0.7795212958276087,
      "balanced_accuracy": 0.5039620204805839,
      "roc_auc": 0.6135010783959927,
      "average_precision": 0.2990878053178112,
      "log_loss": 0.5142181830862445,
      "positive_rate": 0.22051486007665053
    },
    "research_oos_a": {
      "row_count": 23359,
      "score_mean": 0.21366303847297555,
      "score_std": 0.07019418171209003,
      "accuracy": 0.7757181386189478,
      "balanced_accuracy": 0.5017420500360988,
      "roc_auc": 0.603955696560242,
      "average_precision": 0.29341510051303665,
      "log_loss": 0.5204474623269512,
      "positive_rate": 0.22338285029324886
    }
  },
  "trading_proxy_metrics": {
    "validation": {
      "decision_family": "decision_wave03_vol_stop_timeout_h6_v0",
      "threshold_policy": "train_quantile_proxy_threshold",
      "threshold_fit_scope": "train_only",
      "long_count": 5531,
      "short_count": 5741,
      "directional_accuracy": 0.5023953158268275,
      "proxy_boundary": "gross_future_return_direction_proxy_no_cost_no_execution",
      "trade_count": 11272,
      "trade_density": 0.40754935280931376,
      "gross_proxy_mean_return": 7.646834496937464e-05,
      "gross_proxy_profit_factor": 1.1001872349069222,
      "score_low_threshold": 0.14759760233981048,
      "score_high_threshold": 0.26581393334892595
    },
    "research_oos_a": {
      "decision_family": "decision_wave03_vol_stop_timeout_h6_v0",
      "threshold_policy": "train_quantile_proxy_threshold",
      "threshold_fit_scope": "train_only",
      "long_count": 4952,
      "short_count": 4371,
      "directional_accuracy": 0.4983374450284243,
      "proxy_boundary": "gross_future_return_direction_proxy_no_cost_no_execution",
      "trade_count": 9323,
      "trade_density": 0.39911811293291666,
      "gross_proxy_mean_return": 2.0486083781001705e-05,
      "gross_proxy_profit_factor": 1.0278478232473593,
      "score_low_threshold": 0.14759760233981048,
      "score_high_threshold": 0.26581393334892595
    }
  },
  "runtime_metrics": {},
  "judgment_label": "preserved_clue",
  "claim_boundary": "wave03_proxy_observation_l4_required_no_candidate_no_selected_baseline_no_runtime_authority_no_economics_pass_no_live_readiness_no_goal_achieve",
  "missing_evidence": [
    "ONNX_export_not_materialized_for_L4_yet",
    "MT5_L4_split_runtime_probe_not_run_yet",
    "candidate_selection_forbidden_before_L4"
  ]
}
