{
  "version": "metrics_v2",
  "run_id": "onnxlab_wave01_eb_cell_011_event_barrier_surface_v0",
  "status": "executed_proxy_observation_l4_required",
  "task_surface_id": "surface_us100_event_barrier_decision_surface_v0",
  "sample_counts": {
    "raw_rows": 308002,
    "same_role_horizon_rows": 307864,
    "train_label_eligible_rows": 143815,
    "validation_label_eligible_rows": 53812,
    "research_oos_a_label_eligible_rows": 45551,
    "locked_final_oos_b_withheld_rows": 38629
  },
  "task_surface_metrics": {
    "label_surface": "range_edge_acceptance_rejection",
    "feature_family": "price_return_range_volatility_context",
    "model_family": "small_mlp_secondary_only",
    "decision_family": "range_edge_abstain_timeout_exit"
  },
  "model_metrics": {
    "train": {
      "row_count": 143815,
      "score_mean": 0.9124507282805177,
      "score_std": 0.1455292457821365,
      "accuracy": 0.9216910614330911,
      "balanced_accuracy": 0.6344483706954086,
      "roc_auc": 0.8719289286140329,
      "average_precision": 0.9845527851558795,
      "log_loss": 0.20476764168943778,
      "positive_rate": 0.9138476514967145
    },
    "validation": {
      "row_count": 53812,
      "score_mean": 0.9495963767978242,
      "score_std": 0.08990130968639434,
      "accuracy": 0.9213000817661489,
      "balanced_accuracy": 0.5240335539188249,
      "roc_auc": 0.8214042206955382,
      "average_precision": 0.9806635991950995,
      "log_loss": 0.23220853648445675,
      "positive_rate": 0.9215230803538245
    },
    "research_oos_a": {
      "row_count": 45551,
      "score_mean": 0.9587843502351941,
      "score_std": 0.07583971162706957,
      "accuracy": 0.9308028363811991,
      "balanced_accuracy": 0.5195801449449945,
      "roc_auc": 0.7915495602019481,
      "average_precision": 0.9796038069754633,
      "log_loss": 0.22771263704441064,
      "positive_rate": 0.9305833022326623
    }
  },
  "trading_proxy_metrics": {
    "validation": {
      "decision_family": "range_edge_abstain_timeout_exit",
      "threshold_policy": "no_micro_search_before_broad_clue",
      "threshold_fit_scope": "train_only",
      "long_count": 13184,
      "short_count": 6312,
      "directional_accuracy": 0.5033340172343045,
      "proxy_boundary": "gross_future_return_direction_proxy_no_cost_no_execution",
      "trade_count": 19496,
      "trade_density": 0.36229837211030996,
      "gross_proxy_mean_return": -4.537775646933102e-05,
      "gross_proxy_profit_factor": 0.9353489623752246,
      "score_low_threshold": 0.8970731496810913,
      "score_high_threshold": 0.9928132653236389
    },
    "research_oos_a": {
      "decision_family": "range_edge_abstain_timeout_exit",
      "threshold_policy": "no_micro_search_before_broad_clue",
      "threshold_fit_scope": "train_only",
      "long_count": 11840,
      "short_count": 4140,
      "directional_accuracy": 0.5098873591989987,
      "proxy_boundary": "gross_future_return_direction_proxy_no_cost_no_execution",
      "trade_count": 15980,
      "trade_density": 0.35081556936181424,
      "gross_proxy_mean_return": 1.5835999217321525e-05,
      "gross_proxy_profit_factor": 1.0218750184276628,
      "score_low_threshold": 0.8970731496810913,
      "score_high_threshold": 0.9928132653236389
    }
  },
  "runtime_metrics": {},
  "north_star_context": {
    "role": "final_objective_not_exploration_gate",
    "average_trades_per_active_day_min": 5,
    "profit_factor_preferred_range": [
      1.5,
      3.0
    ],
    "major_window_drawdown_pct_max": 10
  },
  "measurement_scope": "proxy_model_observation_validation_and_research_oos_a_no_locked_final_no_cost_no_execution",
  "judgment_label": "preserved_clue",
  "claim_boundary": "wave01_event_barrier_proxy_batch_l4_required_no_candidate_no_baseline_no_runtime_authority",
  "missing_evidence": [
    "ONNX_export_not_materialized_for_L4_yet",
    "MT5_L4_split_runtime_probe_not_run_yet",
    "tester_report_not_available",
    "candidate_selection_forbidden_before_L4",
    "locked_final_oos_b_not_used"
  ]
}
