{
  "version": "metrics_v2",
  "run_id": "onnxlab_wave03_vst_cell_001_compression_reversal_h6_v0",
  "status": "executed_proxy_observation_l4_required",
  "sample_counts": {
    "raw_rows": 308002,
    "train_label_eligible_rows": 69445,
    "validation_label_eligible_rows": 27330,
    "research_oos_a_label_eligible_rows": 22560,
    "locked_final_oos_b_withheld_rows": 18967,
    "locked_final_oos_b_use": "withheld_not_used"
  },
  "model_metrics": {
    "train": {
      "row_count": 69445,
      "score_mean": 0.49953646974795485,
      "score_std": 0.03610120655266813,
      "accuracy": 0.5188998488012095,
      "balanced_accuracy": 0.5268772341464865,
      "roc_auc": 0.5393388235610466,
      "average_precision": 0.43861537145789714,
      "log_loss": 0.690566376409154,
      "positive_rate": 0.4116783065735474
    },
    "validation": {
      "row_count": 27330,
      "score_mean": 0.5057928908533599,
      "score_std": 0.03181812610220793,
      "accuracy": 0.5031467252103915,
      "balanced_accuracy": 0.5187872952212436,
      "roc_auc": 0.5254783458711979,
      "average_precision": 0.4366732178278926,
      "log_loss": 0.6941944599347615,
      "positive_rate": 0.4162824734723747
    },
    "research_oos_a": {
      "row_count": 22560,
      "score_mean": 0.5049874529620376,
      "score_std": 0.03348976982749053,
      "accuracy": 0.50177304964539,
      "balanced_accuracy": 0.5170674502003648,
      "roc_auc": 0.5232813254202477,
      "average_precision": 0.42933071431436587,
      "log_loss": 0.6942902052444534,
      "positive_rate": 0.41400709219858156
    }
  },
  "trading_proxy_metrics": {
    "validation": {
      "decision_family": "decision_wave03_reversal_abstain_timeout_h6_v0",
      "threshold_policy": "train_quantile_proxy_threshold",
      "threshold_fit_scope": "train_only",
      "long_count": 6146,
      "short_count": 3380,
      "directional_accuracy": 0.5110224648330884,
      "proxy_boundary": "gross_future_return_direction_proxy_no_cost_no_execution",
      "trade_count": 9526,
      "trade_density": 0.3485547017929016,
      "gross_proxy_mean_return": 1.760175303067627e-05,
      "gross_proxy_profit_factor": 1.0413017632167174,
      "score_low_threshold": 0.4679712789387686,
      "score_high_threshold": 0.5298128643375315
    },
    "research_oos_a": {
      "decision_family": "decision_wave03_reversal_abstain_timeout_h6_v0",
      "threshold_policy": "train_quantile_proxy_threshold",
      "threshold_fit_scope": "train_only",
      "long_count": 4932,
      "short_count": 2814,
      "directional_accuracy": 0.48967208882003616,
      "proxy_boundary": "gross_future_return_direction_proxy_no_cost_no_execution",
      "trade_count": 7746,
      "trade_density": 0.34335106382978725,
      "gross_proxy_mean_return": -8.99375219536614e-05,
      "gross_proxy_profit_factor": 0.8439524750194111,
      "score_low_threshold": 0.4679712789387686,
      "score_high_threshold": 0.5298128643375315
    }
  },
  "runtime_metrics": {},
  "judgment_label": "inconclusive",
  "claim_boundary": "wave03_proxy_observation_l4_required_no_candidate_no_selected_baseline_no_runtime_authority_no_economics_pass_no_live_readiness_no_goal_achieve",
  "missing_evidence": [
    "ONNX_export_not_materialized_for_L4_yet",
    "MT5_L4_split_runtime_probe_not_run_yet",
    "candidate_selection_forbidden_before_L4"
  ]
}
