{
  "version": "metrics_v2",
  "run_id": "onnxlab_wave01_eb_cell_010_event_barrier_surface_v0",
  "status": "executed_proxy_observation_l4_required",
  "task_surface_id": "surface_us100_event_barrier_decision_surface_v0",
  "sample_counts": {
    "raw_rows": 308002,
    "same_role_horizon_rows": 307588,
    "train_label_eligible_rows": 139840,
    "validation_label_eligible_rows": 52906,
    "research_oos_a_label_eligible_rows": 45010,
    "locked_final_oos_b_withheld_rows": 38617
  },
  "task_surface_metrics": {
    "label_surface": "pullback_to_barrier_mean_reversion",
    "feature_family": "multiscale_price_range_volatility_context",
    "model_family": "logistic_or_linear_rank_scout",
    "decision_family": "mean_reversion_abstain_barrier_exit"
  },
  "model_metrics": {
    "train": {
      "row_count": 139840,
      "score_mean": 0.4999611439823372,
      "score_std": 0.021659932788910766,
      "accuracy": 0.5129004576659039,
      "balanced_accuracy": 0.5151698097089281,
      "roc_auc": 0.5206259365329228,
      "average_precision": 0.49929293521620455,
      "log_loss": 0.6922176961708185,
      "positive_rate": 0.48356693363844394
    },
    "validation": {
      "row_count": 52906,
      "score_mean": 0.5040877425668258,
      "score_std": 0.020130751386348417,
      "accuracy": 0.5005292405398254,
      "balanced_accuracy": 0.5051037334251283,
      "roc_auc": 0.5117489019503378,
      "average_precision": 0.4977469901071236,
      "log_loss": 0.6929800027301914,
      "positive_rate": 0.48608853438173366
    },
    "research_oos_a": {
      "row_count": 45010,
      "score_mean": 0.5055033774310564,
      "score_std": 0.02573577955061324,
      "accuracy": 0.49780048878027106,
      "balanced_accuracy": 0.5056458056795503,
      "roc_auc": 0.5068945154861026,
      "average_precision": 0.48218853819843355,
      "log_loss": 0.6946647976515439,
      "positive_rate": 0.47976005332148414
    }
  },
  "trading_proxy_metrics": {
    "validation": {
      "decision_family": "mean_reversion_abstain_barrier_exit",
      "threshold_policy": "train_only_coarse_abstain_band",
      "threshold_fit_scope": "train_only",
      "long_count": 15568,
      "short_count": 7967,
      "directional_accuracy": 0.5076694285107287,
      "proxy_boundary": "gross_future_return_direction_proxy_no_cost_no_execution",
      "trade_count": 23535,
      "trade_density": 0.4448455751710581,
      "gross_proxy_mean_return": 2.8948050891100295e-05,
      "gross_proxy_profit_factor": 1.0280819969390882,
      "score_low_threshold": 0.4875126439047631,
      "score_high_threshold": 0.514129206084493
    },
    "research_oos_a": {
      "decision_family": "mean_reversion_abstain_barrier_exit",
      "threshold_policy": "train_only_coarse_abstain_band",
      "threshold_fit_scope": "train_only",
      "long_count": 16379,
      "short_count": 6995,
      "directional_accuracy": 0.5158295542055276,
      "proxy_boundary": "gross_future_return_direction_proxy_no_cost_no_execution",
      "trade_count": 23374,
      "trade_density": 0.5193068207065097,
      "gross_proxy_mean_return": 5.7233591348398044e-05,
      "gross_proxy_profit_factor": 1.050686330357601,
      "score_low_threshold": 0.4875126439047631,
      "score_high_threshold": 0.514129206084493
    }
  },
  "runtime_metrics": {},
  "north_star_context": {
    "role": "final_objective_not_exploration_gate",
    "average_trades_per_active_day_min": 5,
    "profit_factor_preferred_range": [
      1.5,
      3.0
    ],
    "major_window_drawdown_pct_max": 10
  },
  "measurement_scope": "proxy_model_observation_validation_and_research_oos_a_no_locked_final_no_cost_no_execution",
  "judgment_label": "inconclusive",
  "claim_boundary": "wave01_event_barrier_proxy_batch_l4_required_no_candidate_no_baseline_no_runtime_authority",
  "missing_evidence": [
    "ONNX_export_not_materialized_for_L4_yet",
    "MT5_L4_split_runtime_probe_not_run_yet",
    "tester_report_not_available",
    "candidate_selection_forbidden_before_L4",
    "locked_final_oos_b_not_used"
  ]
}
