{
  "version": "metrics_v2",
  "run_id": "onnxlab_wave03_vst_cell_005_expansion_exhaustion_reversal_h8_v0",
  "status": "executed_proxy_observation_l4_required",
  "sample_counts": {
    "raw_rows": 308002,
    "train_label_eligible_rows": 75938,
    "validation_label_eligible_rows": 27656,
    "research_oos_a_label_eligible_rows": 23359,
    "locked_final_oos_b_withheld_rows": 19489,
    "locked_final_oos_b_use": "withheld_not_used"
  },
  "model_metrics": {
    "train": {
      "row_count": 75938,
      "score_mean": 0.4407111265116702,
      "score_std": 0.02972519858408569,
      "accuracy": 0.5673970870973689,
      "balanced_accuracy": 0.51009038401959,
      "roc_auc": 0.6049409985209593,
      "average_precision": 0.549217205845178,
      "log_loss": 0.6765490452489592,
      "positive_rate": 0.44074113092259476
    },
    "validation": {
      "row_count": 27656,
      "score_mean": 0.44087228756856983,
      "score_std": 0.030590854340909076,
      "accuracy": 0.5596615562626555,
      "balanced_accuracy": 0.5013100105737613,
      "roc_auc": 0.5327843373100973,
      "average_precision": 0.4650268722594742,
      "log_loss": 0.6844798664625239,
      "positive_rate": 0.44019380966155625
    },
    "research_oos_a": {
      "row_count": 23359,
      "score_mean": 0.4423521834564403,
      "score_std": 0.0307951173609593,
      "accuracy": 0.5603407680123293,
      "balanced_accuracy": 0.5035395097446784,
      "roc_auc": 0.537372318162179,
      "average_precision": 0.4724337225972791,
      "log_loss": 0.683927714766935,
      "positive_rate": 0.44124320390427674
    }
  },
  "trading_proxy_metrics": {
    "validation": {
      "decision_family": "decision_wave03_reversal_abstain_timeout_h8_v0",
      "threshold_policy": "train_quantile_proxy_threshold",
      "threshold_fit_scope": "train_only",
      "long_count": 5782,
      "short_count": 5410,
      "directional_accuracy": 0.503216583273767,
      "proxy_boundary": "gross_future_return_direction_proxy_no_cost_no_execution",
      "trade_count": 11192,
      "trade_density": 0.4046861440555395,
      "gross_proxy_mean_return": 4.594067842752531e-06,
      "gross_proxy_profit_factor": 1.0055267834563593,
      "score_low_threshold": 0.42111028255579736,
      "score_high_threshold": 0.46137954707271994
    },
    "research_oos_a": {
      "decision_family": "decision_wave03_reversal_abstain_timeout_h8_v0",
      "threshold_policy": "train_quantile_proxy_threshold",
      "threshold_fit_scope": "train_only",
      "long_count": 5433,
      "short_count": 4623,
      "directional_accuracy": 0.4981105807478122,
      "proxy_boundary": "gross_future_return_direction_proxy_no_cost_no_execution",
      "trade_count": 10056,
      "trade_density": 0.4304978809024359,
      "gross_proxy_mean_return": -1.6122654572918396e-05,
      "gross_proxy_profit_factor": 0.9817148027736526,
      "score_low_threshold": 0.42111028255579736,
      "score_high_threshold": 0.46137954707271994
    }
  },
  "runtime_metrics": {},
  "judgment_label": "preserved_clue",
  "claim_boundary": "wave03_proxy_observation_l4_required_no_candidate_no_selected_baseline_no_runtime_authority_no_economics_pass_no_live_readiness_no_goal_achieve",
  "missing_evidence": [
    "ONNX_export_not_materialized_for_L4_yet",
    "MT5_L4_split_runtime_probe_not_run_yet",
    "candidate_selection_forbidden_before_L4"
  ]
}
