{
  "version": "metrics_v2",
  "run_id": "onnxlab_wave01_eb_cell_001_event_barrier_surface_v0",
  "status": "executed_proxy_observation_l4_required",
  "task_surface_id": "surface_us100_event_barrier_decision_surface_v0",
  "sample_counts": {
    "raw_rows": 308002,
    "same_role_horizon_rows": 307864,
    "train_label_eligible_rows": 128825,
    "validation_label_eligible_rows": 48489,
    "research_oos_a_label_eligible_rows": 41519,
    "locked_final_oos_b_withheld_rows": 38629
  },
  "task_surface_metrics": {
    "label_surface": "symmetric_barrier_touch_or_timeout",
    "feature_family": "price_return_range_volatility_context",
    "model_family": "logistic_or_linear_rank_scout",
    "decision_family": "abstain_band_with_barrier_exit"
  },
  "model_metrics": {
    "train": {
      "row_count": 128825,
      "score_mean": 0.4999735057438918,
      "score_std": 0.021203196439050023,
      "accuracy": 0.5108713370851931,
      "balanced_accuracy": 0.5121820978131251,
      "roc_auc": 0.5190231637852832,
      "average_precision": 0.501006033184118,
      "log_loss": 0.6922428752701902,
      "positive_rate": 0.4873743450417233
    },
    "validation": {
      "row_count": 48489,
      "score_mean": 0.49168165539759673,
      "score_std": 0.0172515058001131,
      "accuracy": 0.5167976242034276,
      "balanced_accuracy": 0.5102817203297897,
      "roc_auc": 0.5224629473506436,
      "average_precision": 0.502091445857054,
      "log_loss": 0.6919423828447082,
      "positive_rate": 0.4867083255996205
    },
    "research_oos_a": {
      "row_count": 41519,
      "score_mean": 0.49204000730516984,
      "score_std": 0.020846651719912204,
      "accuracy": 0.5107059418579446,
      "balanced_accuracy": 0.5065519732139167,
      "roc_auc": 0.5146504746771138,
      "average_precision": 0.49993262665744376,
      "log_loss": 0.692979355051872,
      "positive_rate": 0.4920397890122594
    }
  },
  "trading_proxy_metrics": {
    "validation": {
      "decision_family": "abstain_band_with_barrier_exit",
      "threshold_policy": "train_only_coarse_density_bands",
      "threshold_fit_scope": "train_only",
      "long_count": 3487,
      "short_count": 17792,
      "directional_accuracy": 0.4836223506743738,
      "proxy_boundary": "gross_future_return_direction_proxy_no_cost_no_execution",
      "trade_count": 21279,
      "trade_density": 0.438841799170946,
      "gross_proxy_mean_return": 3.38317588314174e-05,
      "gross_proxy_profit_factor": 1.046220438797891,
      "score_low_threshold": 0.4888949493214195,
      "score_high_threshold": 0.5124459638611516
    },
    "research_oos_a": {
      "decision_family": "abstain_band_with_barrier_exit",
      "threshold_policy": "train_only_coarse_density_bands",
      "threshold_fit_scope": "train_only",
      "long_count": 2943,
      "short_count": 16040,
      "directional_accuracy": 0.4794289627561502,
      "proxy_boundary": "gross_future_return_direction_proxy_no_cost_no_execution",
      "trade_count": 18983,
      "trade_density": 0.45721236060598763,
      "gross_proxy_mean_return": -2.8053591602846224e-05,
      "gross_proxy_profit_factor": 0.965449386937829,
      "score_low_threshold": 0.4888949493214195,
      "score_high_threshold": 0.5124459638611516
    }
  },
  "runtime_metrics": {},
  "north_star_context": {
    "role": "final_objective_not_exploration_gate",
    "average_trades_per_active_day_min": 5,
    "profit_factor_preferred_range": [
      1.5,
      3.0
    ],
    "major_window_drawdown_pct_max": 10
  },
  "measurement_scope": "proxy_model_observation_validation_and_research_oos_a_no_locked_final_no_cost_no_execution",
  "judgment_label": "inconclusive",
  "claim_boundary": "wave01_event_barrier_proxy_batch_l4_required_no_candidate_no_baseline_no_runtime_authority",
  "missing_evidence": [
    "ONNX_export_not_materialized_for_L4_yet",
    "MT5_L4_split_runtime_probe_not_run_yet",
    "tester_report_not_available",
    "candidate_selection_forbidden_before_L4",
    "locked_final_oos_b_not_used"
  ]
}
