{
  "version": "metrics_v2",
  "run_id": "onnxlab_wave03_mix2_cell_005_low_vol_false_break_filter_v0",
  "status": "executed_mix2_proxy_observation_l4_required",
  "sample_counts": {
    "raw_rows": 308002,
    "train_label_eligible_rows": 57575,
    "validation_label_eligible_rows": 21365,
    "research_oos_a_label_eligible_rows": 18034,
    "locked_final_oos_b_withheld_rows": 15477,
    "locked_final_oos_b_use": "withheld_not_used"
  },
  "model_metrics": {
    "train": {
      "row_count": 57575,
      "score_mean": 0.4997479874890971,
      "score_std": 0.031840844931511986,
      "accuracy": 0.5301953973078594,
      "balanced_accuracy": 0.526840497863679,
      "roc_auc": 0.5352544028420316,
      "average_precision": 0.4711362352513713,
      "log_loss": 0.6910890628601392,
      "positive_rate": 0.4383673469387755
    },
    "validation": {
      "row_count": 21365,
      "score_mean": 0.49944079691693627,
      "score_std": 0.028969454748193374,
      "accuracy": 0.5202901942429207,
      "balanced_accuracy": 0.5152571423123948,
      "roc_auc": 0.5202818191441817,
      "average_precision": 0.4560269382332902,
      "log_loss": 0.6927494983309032,
      "positive_rate": 0.4395974725017552
    },
    "research_oos_a": {
      "row_count": 18034,
      "score_mean": 0.4998864169072731,
      "score_std": 0.031163784768773586,
      "accuracy": 0.515637129865809,
      "balanced_accuracy": 0.5106203794463409,
      "roc_auc": 0.5185239331935505,
      "average_precision": 0.45300817438652674,
      "log_loss": 0.6928458929717412,
      "positive_rate": 0.43634246423422424
    }
  },
  "trading_proxy_metrics": {
    "validation": {
      "decision_family": "decision_wave03_mix2_low_vol_false_break_filter_h8_v0",
      "threshold_policy": "train_quantile_proxy_threshold",
      "threshold_fit_scope": "train_only",
      "long_count": 3788,
      "short_count": 3815,
      "directional_accuracy": 0.4919110877285282,
      "proxy_boundary": "gross_future_return_direction_proxy_no_cost_no_execution",
      "trade_count": 7603,
      "trade_density": 0.35586239176222795,
      "gross_proxy_mean_return": 1.2223883511404938e-05,
      "gross_proxy_profit_factor": 1.0290231650434063,
      "score_low_threshold": 0.4729192952616273,
      "score_high_threshold": 0.5248913354751079
    },
    "research_oos_a": {
      "decision_family": "decision_wave03_mix2_low_vol_false_break_filter_h8_v0",
      "threshold_policy": "train_quantile_proxy_threshold",
      "threshold_fit_scope": "train_only",
      "long_count": 3123,
      "short_count": 2971,
      "directional_accuracy": 0.48441089596324255,
      "proxy_boundary": "gross_future_return_direction_proxy_no_cost_no_execution",
      "trade_count": 6094,
      "trade_density": 0.33791726738383054,
      "gross_proxy_mean_return": -1.9588964400351837e-05,
      "gross_proxy_profit_factor": 0.9633523486559249,
      "score_low_threshold": 0.4729192952616273,
      "score_high_threshold": 0.5248913354751079
    }
  },
  "runtime_metrics": {},
  "judgment_label": "inconclusive",
  "claim_boundary": "wave03_bounded_synthesis_mix2_proxy_observation_l4_required_no_candidate_no_selected_baseline_no_runtime_authority_no_economics_pass_no_live_readiness_no_goal_achieve",
  "missing_evidence": [
    "ONNX_export_not_materialized_for_L4_yet",
    "MT5_L4_split_runtime_probe_not_run_yet",
    "candidate_selection_forbidden_before_L4"
  ]
}
