{
  "version": "metrics_v2",
  "run_id": "onnxlab_wave03_vst_cell_002_compression_reversal_h8_v0",
  "status": "executed_proxy_observation_l4_required",
  "sample_counts": {
    "raw_rows": 308002,
    "train_label_eligible_rows": 69441,
    "validation_label_eligible_rows": 27330,
    "research_oos_a_label_eligible_rows": 22558,
    "locked_final_oos_b_withheld_rows": 18967,
    "locked_final_oos_b_use": "withheld_not_used"
  },
  "model_metrics": {
    "train": {
      "row_count": 69441,
      "score_mean": 0.4071145417850255,
      "score_std": 0.03455728680342799,
      "accuracy": 0.5962903760026498,
      "balanced_accuracy": 0.5043864005054984,
      "roc_auc": 0.6108220559194332,
      "average_precision": 0.5201394663133528,
      "log_loss": 0.6637329934565882,
      "positive_rate": 0.40713699399490216
    },
    "validation": {
      "row_count": 27330,
      "score_mean": 0.4104505917815257,
      "score_std": 0.0324736978126419,
      "accuracy": 0.5904866447127699,
      "balanced_accuracy": 0.5013499754047954,
      "roc_auc": 0.5289034879721637,
      "average_precision": 0.43100165531880763,
      "log_loss": 0.6756235030022025,
      "positive_rate": 0.4097694840834248
    },
    "research_oos_a": {
      "row_count": 22558,
      "score_mean": 0.41102805478860516,
      "score_std": 0.033242188830422924,
      "accuracy": 0.5856458905931377,
      "balanced_accuracy": 0.5001877041626159,
      "roc_auc": 0.5309266007114071,
      "average_precision": 0.4320480550514545,
      "log_loss": 0.6768268155832949,
      "positive_rate": 0.41342317581345867
    }
  },
  "trading_proxy_metrics": {
    "validation": {
      "decision_family": "decision_wave03_reversal_abstain_timeout_h8_v0",
      "threshold_policy": "train_quantile_proxy_threshold",
      "threshold_fit_scope": "train_only",
      "long_count": 5803,
      "short_count": 4515,
      "directional_accuracy": 0.4972862957937585,
      "proxy_boundary": "gross_future_return_direction_proxy_no_cost_no_execution",
      "trade_count": 10318,
      "trade_density": 0.37753384559092573,
      "gross_proxy_mean_return": -3.3929206526337976e-05,
      "gross_proxy_profit_factor": 0.9378200424774907,
      "score_low_threshold": 0.38067980495761705,
      "score_high_threshold": 0.436069853028006
    },
    "research_oos_a": {
      "decision_family": "decision_wave03_reversal_abstain_timeout_h8_v0",
      "threshold_policy": "train_quantile_proxy_threshold",
      "threshold_fit_scope": "train_only",
      "long_count": 5037,
      "short_count": 3707,
      "directional_accuracy": 0.5012580054894785,
      "proxy_boundary": "gross_future_return_direction_proxy_no_cost_no_execution",
      "trade_count": 8744,
      "trade_density": 0.38762301622484263,
      "gross_proxy_mean_return": -6.322978838723122e-05,
      "gross_proxy_profit_factor": 0.9023068125730143,
      "score_low_threshold": 0.38067980495761705,
      "score_high_threshold": 0.436069853028006
    }
  },
  "runtime_metrics": {},
  "judgment_label": "inconclusive",
  "claim_boundary": "wave03_proxy_observation_l4_required_no_candidate_no_selected_baseline_no_runtime_authority_no_economics_pass_no_live_readiness_no_goal_achieve",
  "missing_evidence": [
    "ONNX_export_not_materialized_for_L4_yet",
    "MT5_L4_split_runtime_probe_not_run_yet",
    "candidate_selection_forbidden_before_L4"
  ]
}
