{
  "version": "metrics_v2",
  "run_id": "onnxlab_wave03_mix2_cell_004_drawdown_rebound_abstain_control_v0",
  "status": "executed_mix2_proxy_observation_l4_required",
  "sample_counts": {
    "raw_rows": 308002,
    "train_label_eligible_rows": 75938,
    "validation_label_eligible_rows": 27656,
    "research_oos_a_label_eligible_rows": 23359,
    "locked_final_oos_b_withheld_rows": 19489,
    "locked_final_oos_b_use": "withheld_not_used"
  },
  "model_metrics": {
    "train": {
      "row_count": 75938,
      "score_mean": 0.22082760992482173,
      "score_std": 0.06442022022960389,
      "accuracy": 0.7798862229713713,
      "balanced_accuracy": 0.5013908930030858,
      "roc_auc": 0.6408950360626084,
      "average_precision": 0.34152540414543353,
      "log_loss": 0.5069900665189718,
      "positive_rate": 0.22061418525639337
    },
    "validation": {
      "row_count": 27656,
      "score_mean": 0.2206677172102718,
      "score_std": 0.06378252341806434,
      "accuracy": 0.7665244431588082,
      "balanced_accuracy": 0.5004239383298208,
      "roc_auc": 0.6060049605941208,
      "average_precision": 0.3128029424422299,
      "log_loss": 0.53132654093756,
      "positive_rate": 0.2335478738790859
    },
    "research_oos_a": {
      "row_count": 23359,
      "score_mean": 0.22376536630079166,
      "score_std": 0.06245665956323751,
      "accuracy": 0.7635600839077016,
      "balanced_accuracy": 0.5005836613504643,
      "roc_auc": 0.5939502831788042,
      "average_precision": 0.3028034899430778,
      "log_loss": 0.5378004341648147,
      "positive_rate": 0.23656834624769896
    }
  },
  "trading_proxy_metrics": {
    "validation": {
      "decision_family": "decision_wave03_mix2_drawdown_rebound_abstain_h8_v0",
      "threshold_policy": "train_quantile_proxy_threshold",
      "threshold_fit_scope": "train_only",
      "long_count": 5637,
      "short_count": 5545,
      "directional_accuracy": 0.5005365766410302,
      "proxy_boundary": "gross_future_return_direction_proxy_no_cost_no_execution",
      "trade_count": 11182,
      "trade_density": 0.40432455886606883,
      "gross_proxy_mean_return": 8.178331335750906e-05,
      "gross_proxy_profit_factor": 1.0971381595273455,
      "score_low_threshold": 0.15514139841799787,
      "score_high_threshold": 0.27742487492751333
    },
    "research_oos_a": {
      "decision_family": "decision_wave03_mix2_drawdown_rebound_abstain_h8_v0",
      "threshold_policy": "train_quantile_proxy_threshold",
      "threshold_fit_scope": "train_only",
      "long_count": 4809,
      "short_count": 3766,
      "directional_accuracy": 0.5088046647230321,
      "proxy_boundary": "gross_future_return_direction_proxy_no_cost_no_execution",
      "trade_count": 8575,
      "trade_density": 0.36709619418639494,
      "gross_proxy_mean_return": 6.076845583737451e-05,
      "gross_proxy_profit_factor": 1.0758395104250893,
      "score_low_threshold": 0.15514139841799787,
      "score_high_threshold": 0.27742487492751333
    }
  },
  "runtime_metrics": {},
  "judgment_label": "preserved_clue",
  "claim_boundary": "wave03_bounded_synthesis_mix2_proxy_observation_l4_required_no_candidate_no_selected_baseline_no_runtime_authority_no_economics_pass_no_live_readiness_no_goal_achieve",
  "missing_evidence": [
    "ONNX_export_not_materialized_for_L4_yet",
    "MT5_L4_split_runtime_probe_not_run_yet",
    "candidate_selection_forbidden_before_L4"
  ]
}
