{
  "version": "metrics_v2",
  "run_id": "onnxlab_wave01_eb_cell_008_event_barrier_surface_v0",
  "status": "executed_proxy_observation_l4_required",
  "task_surface_id": "surface_us100_event_barrier_decision_surface_v0",
  "sample_counts": {
    "raw_rows": 308002,
    "same_role_horizon_rows": 307726,
    "train_label_eligible_rows": 143797,
    "validation_label_eligible_rows": 53806,
    "research_oos_a_label_eligible_rows": 45545,
    "locked_final_oos_b_withheld_rows": 38623
  },
  "task_surface_metrics": {
    "label_surface": "session_transition_barrier_touch",
    "feature_family": "session_state_context",
    "model_family": "logistic_or_linear_rank_scout",
    "decision_family": "session_gated_abstain_barrier_exit"
  },
  "model_metrics": {
    "train": {
      "row_count": 143797,
      "score_mean": 0.699080331069292,
      "score_std": 0.2877359860925012,
      "accuracy": 0.791866311536402,
      "balanced_accuracy": 0.8005703721031552,
      "roc_auc": 0.8879191730978688,
      "average_precision": 0.9896571310384155,
      "log_loss": 0.4280358887656001,
      "positive_rate": 0.9306870101601563
    },
    "validation": {
      "row_count": 53806,
      "score_mean": 0.7536970322940199,
      "score_std": 0.24854719647134432,
      "accuracy": 0.8369326840872765,
      "balanced_accuracy": 0.7403485593079053,
      "roc_auc": 0.8366992548885438,
      "average_precision": 0.9865890723881958,
      "log_loss": 0.35244257634835047,
      "positive_rate": 0.9408987845221722
    },
    "research_oos_a": {
      "row_count": 45545,
      "score_mean": 0.759815002684304,
      "score_std": 0.2430315848813082,
      "accuracy": 0.8348227028213855,
      "balanced_accuracy": 0.6723219966444762,
      "roc_auc": 0.7916823583325461,
      "average_precision": 0.9854825635034008,
      "log_loss": 0.3672375206471286,
      "positive_rate": 0.9498078823141948
    }
  },
  "trading_proxy_metrics": {
    "validation": {
      "decision_family": "session_gated_abstain_barrier_exit",
      "threshold_policy": "train_only_session_density_bands",
      "threshold_fit_scope": "train_only",
      "long_count": 16631,
      "short_count": 7396,
      "directional_accuracy": 0.5114246472718192,
      "proxy_boundary": "gross_future_return_direction_proxy_no_cost_no_execution",
      "trade_count": 24027,
      "trade_density": 0.4465487120395495,
      "gross_proxy_mean_return": -5.140170255196902e-05,
      "gross_proxy_profit_factor": 0.9434109437584893,
      "score_low_threshold": 0.43492664808998666,
      "score_high_threshold": 0.9614335563908808
    },
    "research_oos_a": {
      "decision_family": "session_gated_abstain_barrier_exit",
      "threshold_policy": "train_only_session_density_bands",
      "threshold_fit_scope": "train_only",
      "long_count": 14348,
      "short_count": 5879,
      "directional_accuracy": 0.5040787066791912,
      "proxy_boundary": "gross_future_return_direction_proxy_no_cost_no_execution",
      "trade_count": 20227,
      "trade_density": 0.44411022066088485,
      "gross_proxy_mean_return": -9.382201547268728e-05,
      "gross_proxy_profit_factor": 0.9076640481450061,
      "score_low_threshold": 0.43492664808998666,
      "score_high_threshold": 0.9614335563908808
    }
  },
  "runtime_metrics": {},
  "north_star_context": {
    "role": "final_objective_not_exploration_gate",
    "average_trades_per_active_day_min": 5,
    "profit_factor_preferred_range": [
      1.5,
      3.0
    ],
    "major_window_drawdown_pct_max": 10
  },
  "measurement_scope": "proxy_model_observation_validation_and_research_oos_a_no_locked_final_no_cost_no_execution",
  "judgment_label": "preserved_clue",
  "claim_boundary": "wave01_event_barrier_proxy_batch_l4_required_no_candidate_no_baseline_no_runtime_authority",
  "missing_evidence": [
    "ONNX_export_not_materialized_for_L4_yet",
    "MT5_L4_split_runtime_probe_not_run_yet",
    "tester_report_not_available",
    "candidate_selection_forbidden_before_L4",
    "locked_final_oos_b_not_used"
  ]
}
