{
  "version": "metrics_v2",
  "run_id": "onnxlab_wave03_mix2_cell_002_tradeability_gate_longer_horizon_v0",
  "status": "executed_mix2_proxy_observation_l4_required",
  "sample_counts": {
    "raw_rows": 308002,
    "train_label_eligible_rows": 143797,
    "validation_label_eligible_rows": 53806,
    "research_oos_a_label_eligible_rows": 45545,
    "locked_final_oos_b_withheld_rows": 38623,
    "locked_final_oos_b_use": "withheld_not_used"
  },
  "model_metrics": {
    "train": {
      "row_count": 143797,
      "score_mean": 0.7017403338562802,
      "score_std": 0.1198272100821413,
      "accuracy": 0.7241597529851109,
      "balanced_accuracy": 0.5611960276338056,
      "roc_auc": 0.6776528425823543,
      "average_precision": 0.8177532227649253,
      "log_loss": 0.5645452487985777,
      "positive_rate": 0.7016697149453743
    },
    "validation": {
      "row_count": 53806,
      "score_mean": 0.7026325508023953,
      "score_std": 0.11616203337230288,
      "accuracy": 0.701557447124856,
      "balanced_accuracy": 0.5346115842597893,
      "roc_auc": 0.6326569782736913,
      "average_precision": 0.7890320243361122,
      "log_loss": 0.5899921394891346,
      "positive_rate": 0.6970040515927591
    },
    "research_oos_a": {
      "row_count": 45545,
      "score_mean": 0.7037431252429502,
      "score_std": 0.11261905066253401,
      "accuracy": 0.7020968273136459,
      "balanced_accuracy": 0.5245844664230863,
      "roc_auc": 0.6188076103923477,
      "average_precision": 0.7885752569893795,
      "log_loss": 0.5909791804926748,
      "positive_rate": 0.7029311669777143
    }
  },
  "trading_proxy_metrics": {
    "validation": {
      "decision_family": "decision_wave03_mix2_tradeability_then_side_h12_v0",
      "threshold_policy": "train_quantile_proxy_threshold",
      "threshold_fit_scope": "train_only",
      "long_count": 10617,
      "short_count": 12117,
      "directional_accuracy": 0.48873933315738544,
      "proxy_boundary": "gross_future_return_direction_proxy_no_cost_no_execution",
      "trade_count": 22734,
      "trade_density": 0.4225179348028101,
      "gross_proxy_mean_return": -0.00011520108771212409,
      "gross_proxy_profit_factor": 0.8672143219931923,
      "score_low_threshold": 0.632112759173724,
      "score_high_threshold": 0.8134618564970716
    },
    "research_oos_a": {
      "decision_family": "decision_wave03_mix2_tradeability_then_side_h12_v0",
      "threshold_policy": "train_quantile_proxy_threshold",
      "threshold_fit_scope": "train_only",
      "long_count": 9035,
      "short_count": 10532,
      "directional_accuracy": 0.493994991567435,
      "proxy_boundary": "gross_future_return_direction_proxy_no_cost_no_execution",
      "trade_count": 19567,
      "trade_density": 0.4296190580744319,
      "gross_proxy_mean_return": 2.4666965903468042e-05,
      "gross_proxy_profit_factor": 1.0293657717769753,
      "score_low_threshold": 0.632112759173724,
      "score_high_threshold": 0.8134618564970716
    }
  },
  "runtime_metrics": {},
  "judgment_label": "preserved_clue",
  "claim_boundary": "wave03_bounded_synthesis_mix2_proxy_observation_l4_required_no_candidate_no_selected_baseline_no_runtime_authority_no_economics_pass_no_live_readiness_no_goal_achieve",
  "missing_evidence": [
    "ONNX_export_not_materialized_for_L4_yet",
    "MT5_L4_split_runtime_probe_not_run_yet",
    "candidate_selection_forbidden_before_L4"
  ]
}
