{
  "version": "metrics_v2",
  "run_id": "onnxlab_wave02_td_cell_003_tradeability_side_abstain_v0",
  "status": "executed_proxy_observation_l4_required",
  "sample_counts": {
    "raw_rows": 308002,
    "train_label_eligible_rows": 143797,
    "validation_label_eligible_rows": 53806,
    "research_oos_a_label_eligible_rows": 45545,
    "locked_final_oos_b_withheld_rows": 38623,
    "locked_final_oos_b_use": "withheld_not_used"
  },
  "model_metrics": {
    "train": {
      "row_count": 143797,
      "score_mean": 0.6666895029806009,
      "score_std": 0.2678053312122192,
      "accuracy": 0.7731315674179573,
      "balanced_accuracy": 0.7760658011983519,
      "roc_auc": 0.858563433431797,
      "average_precision": 0.9865202840678038,
      "log_loss": 0.47254750161221487,
      "positive_rate": 0.9306870101601563
    },
    "validation": {
      "row_count": 53806,
      "score_mean": 0.6818223337016841,
      "score_std": 0.24514764042839463,
      "accuracy": 0.777701371594246,
      "balanced_accuracy": 0.7256712624606592,
      "roc_auc": 0.8167277757942262,
      "average_precision": 0.9851505366484756,
      "log_loss": 0.44960111124696367,
      "positive_rate": 0.9408987845221722
    },
    "research_oos_a": {
      "row_count": 45545,
      "score_mean": 0.6821161925189627,
      "score_std": 0.2399817480845161,
      "accuracy": 0.7778241299813371,
      "balanced_accuracy": 0.7067447992808662,
      "roc_auc": 0.7814870782683407,
      "average_precision": 0.9843096556684043,
      "log_loss": 0.4751237747231339,
      "positive_rate": 0.9498078823141948
    }
  },
  "trading_proxy_metrics": {
    "validation": {
      "decision_family": "decision_wave02_breakout_abstain_timeout_v0",
      "threshold_policy": "train_quantile_proxy_threshold",
      "threshold_fit_scope": "train_only",
      "long_count": 10573,
      "short_count": 9092,
      "directional_accuracy": 0.5013984235952199,
      "proxy_boundary": "gross_future_return_direction_proxy_no_cost_no_execution",
      "trade_count": 19665,
      "trade_density": 0.3654796862803405,
      "gross_proxy_mean_return": -8.338964051327006e-05,
      "gross_proxy_profit_factor": 0.913426014422429,
      "score_low_threshold": 0.41907030144888047,
      "score_high_threshold": 0.9304082688146893
    },
    "research_oos_a": {
      "decision_family": "decision_wave02_breakout_abstain_timeout_v0",
      "threshold_policy": "train_quantile_proxy_threshold",
      "threshold_fit_scope": "train_only",
      "long_count": 8000,
      "short_count": 7354,
      "directional_accuracy": 0.4891884850853198,
      "proxy_boundary": "gross_future_return_direction_proxy_no_cost_no_execution",
      "trade_count": 15354,
      "trade_density": 0.33711713689757383,
      "gross_proxy_mean_return": -0.00011121655768105185,
      "gross_proxy_profit_factor": 0.9008096434720451,
      "score_low_threshold": 0.41907030144888047,
      "score_high_threshold": 0.9304082688146893
    }
  },
  "runtime_metrics": {},
  "judgment_label": "preserved_clue",
  "claim_boundary": "wave02_proxy_observation_l4_required_no_candidate_no_runtime_authority_no_economics_pass_no_live_readiness_no_goal_achieve",
  "missing_evidence": [
    "ONNX_export_not_materialized_for_L4_yet",
    "MT5_L4_split_runtime_probe_not_run_yet",
    "candidate_selection_forbidden_before_L4"
  ]
}
