{
  "version": "metrics_v2",
  "run_id": "onnxlab_wave03_vst_cell_007_expansion_followthrough_h6_v0",
  "status": "executed_proxy_observation_l4_required",
  "sample_counts": {
    "raw_rows": 308002,
    "train_label_eligible_rows": 75938,
    "validation_label_eligible_rows": 27658,
    "research_oos_a_label_eligible_rows": 23359,
    "locked_final_oos_b_withheld_rows": 19489,
    "locked_final_oos_b_use": "withheld_not_used"
  },
  "model_metrics": {
    "train": {
      "row_count": 75938,
      "score_mean": 0.4997297689911213,
      "score_std": 0.03262311092962666,
      "accuracy": 0.5256525059917301,
      "balanced_accuracy": 0.526508192087622,
      "roc_auc": 0.5365139888480532,
      "average_precision": 0.4656779310285192,
      "log_loss": 0.6910133043361822,
      "positive_rate": 0.436830045563486
    },
    "validation": {
      "row_count": 27658,
      "score_mean": 0.49889896656031046,
      "score_std": 0.03326471897474139,
      "accuracy": 0.519668811916986,
      "balanced_accuracy": 0.5194493429235048,
      "roc_auc": 0.5246270408337445,
      "average_precision": 0.45182298533671417,
      "log_loss": 0.6923324892490512,
      "positive_rate": 0.43397931882276375
    },
    "research_oos_a": {
      "row_count": 23359,
      "score_mean": 0.4979184162679215,
      "score_std": 0.03597309152554691,
      "accuracy": 0.5175307162121666,
      "balanced_accuracy": 0.5192120526053703,
      "roc_auc": 0.5272044315322367,
      "average_precision": 0.45341259601755063,
      "log_loss": 0.6918980270061988,
      "positive_rate": 0.43422235540905
    }
  },
  "trading_proxy_metrics": {
    "validation": {
      "decision_family": "decision_wave03_continuation_abstain_timeout_h6_v0",
      "threshold_policy": "train_quantile_proxy_threshold",
      "threshold_fit_scope": "train_only",
      "long_count": 5656,
      "short_count": 5989,
      "directional_accuracy": 0.49240017174753115,
      "proxy_boundary": "gross_future_return_direction_proxy_no_cost_no_execution",
      "trade_count": 11645,
      "trade_density": 0.4210355050979825,
      "gross_proxy_mean_return": -4.375266670395537e-05,
      "gross_proxy_profit_factor": 0.9418423885822305,
      "score_low_threshold": 0.47351719764180605,
      "score_high_threshold": 0.5270689445838656
    },
    "research_oos_a": {
      "decision_family": "decision_wave03_continuation_abstain_timeout_h6_v0",
      "threshold_policy": "train_quantile_proxy_threshold",
      "threshold_fit_scope": "train_only",
      "long_count": 4733,
      "short_count": 5075,
      "directional_accuracy": 0.5002039151712887,
      "proxy_boundary": "gross_future_return_direction_proxy_no_cost_no_execution",
      "trade_count": 9808,
      "trade_density": 0.41988098805599555,
      "gross_proxy_mean_return": -3.302675747356109e-05,
      "gross_proxy_profit_factor": 0.9569526245366098,
      "score_low_threshold": 0.47351719764180605,
      "score_high_threshold": 0.5270689445838656
    }
  },
  "runtime_metrics": {},
  "judgment_label": "inconclusive",
  "claim_boundary": "wave03_proxy_observation_l4_required_no_candidate_no_selected_baseline_no_runtime_authority_no_economics_pass_no_live_readiness_no_goal_achieve",
  "missing_evidence": [
    "ONNX_export_not_materialized_for_L4_yet",
    "MT5_L4_split_runtime_probe_not_run_yet",
    "candidate_selection_forbidden_before_L4"
  ]
}
