{
  "version": "metrics_v2",
  "run_id": "onnxlab_wave01_eb_cell_005_event_barrier_surface_v0",
  "status": "executed_proxy_observation_l4_required",
  "task_surface_id": "surface_us100_event_barrier_decision_surface_v0",
  "sample_counts": {
    "raw_rows": 308002,
    "same_role_horizon_rows": 307795,
    "train_label_eligible_rows": 125229,
    "validation_label_eligible_rows": 47103,
    "research_oos_a_label_eligible_rows": 40291,
    "locked_final_oos_b_withheld_rows": 38626
  },
  "task_surface_metrics": {
    "label_surface": "failed_breakout_reversal_barrier",
    "feature_family": "price_return_range_volatility_context",
    "model_family": "logistic_or_linear_rank_scout",
    "decision_family": "reversal_entry_abstain_timeout_exit"
  },
  "model_metrics": {
    "train": {
      "row_count": 125229,
      "score_mean": 0.49990618233844886,
      "score_std": 0.014702922018199423,
      "accuracy": 0.49153151426586494,
      "balanced_accuracy": 0.5089367928272706,
      "roc_auc": 0.5128106281120585,
      "average_precision": 0.39917628253285964,
      "log_loss": 0.6927217435663279,
      "positive_rate": 0.3910436081099426
    },
    "validation": {
      "row_count": 47103,
      "score_mean": 0.5041015275977543,
      "score_std": 0.012541026036766316,
      "accuracy": 0.4516909750971276,
      "balanced_accuracy": 0.5047026328412796,
      "roc_auc": 0.5083608452624886,
      "average_precision": 0.3988319090746607,
      "log_loss": 0.6950182580780625,
      "positive_rate": 0.3928412203044392
    },
    "research_oos_a": {
      "row_count": 40291,
      "score_mean": 0.5040474864162118,
      "score_std": 0.017460512915846882,
      "accuracy": 0.4377156188727011,
      "balanced_accuracy": 0.5009737617325468,
      "roc_auc": 0.5008575458994412,
      "average_precision": 0.3884320786925339,
      "log_loss": 0.6956728006319053,
      "positive_rate": 0.3876548112481696
    }
  },
  "trading_proxy_metrics": {
    "validation": {
      "decision_family": "reversal_entry_abstain_timeout_exit",
      "threshold_policy": "train_only_coarse_abstain_band",
      "threshold_fit_scope": "train_only",
      "long_count": 15934,
      "short_count": 5735,
      "directional_accuracy": 0.5002999676957867,
      "proxy_boundary": "gross_future_return_direction_proxy_no_cost_no_execution",
      "trade_count": 21669,
      "trade_density": 0.4600343927138399,
      "gross_proxy_mean_return": -4.924586633254098e-05,
      "gross_proxy_profit_factor": 0.9463186471491568,
      "score_low_threshold": 0.49218665826493574,
      "score_high_threshold": 0.5089339771026505
    },
    "research_oos_a": {
      "decision_family": "reversal_entry_abstain_timeout_exit",
      "threshold_policy": "train_only_coarse_abstain_band",
      "threshold_fit_scope": "train_only",
      "long_count": 16021,
      "short_count": 4454,
      "directional_accuracy": 0.5172649572649572,
      "proxy_boundary": "gross_future_return_direction_proxy_no_cost_no_execution",
      "trade_count": 20475,
      "trade_density": 0.5081780050135266,
      "gross_proxy_mean_return": -4.928108002059991e-05,
      "gross_proxy_profit_factor": 0.9484485889598865,
      "score_low_threshold": 0.49218665826493574,
      "score_high_threshold": 0.5089339771026505
    }
  },
  "runtime_metrics": {},
  "north_star_context": {
    "role": "final_objective_not_exploration_gate",
    "average_trades_per_active_day_min": 5,
    "profit_factor_preferred_range": [
      1.5,
      3.0
    ],
    "major_window_drawdown_pct_max": 10
  },
  "measurement_scope": "proxy_model_observation_validation_and_research_oos_a_no_locked_final_no_cost_no_execution",
  "judgment_label": "inconclusive",
  "claim_boundary": "wave01_event_barrier_proxy_batch_l4_required_no_candidate_no_baseline_no_runtime_authority",
  "missing_evidence": [
    "ONNX_export_not_materialized_for_L4_yet",
    "MT5_L4_split_runtime_probe_not_run_yet",
    "tester_report_not_available",
    "candidate_selection_forbidden_before_L4",
    "locked_final_oos_b_not_used"
  ]
}
