{
  "version": "metrics_v2",
  "run_id": "onnxlab_wave03_mix3_cell_001_cell009_tradeability_anchor_logistic_v0",
  "status": "executed_mix3_proxy_observation_l4_required",
  "sample_counts": {
    "raw_rows": 308002,
    "train_label_eligible_rows": 143809,
    "validation_label_eligible_rows": 53810,
    "research_oos_a_label_eligible_rows": 45549,
    "locked_final_oos_b_withheld_rows": 38627,
    "locked_final_oos_b_use": "withheld_not_used"
  },
  "model_metrics": {
    "train": {
      "row_count": 143809,
      "score_mean": 0.5139641436300346,
      "score_std": 0.1377871355350611,
      "accuracy": 0.6052680986586375,
      "balanced_accuracy": 0.610713383302206,
      "roc_auc": 0.6573394821166548,
      "average_precision": 0.7884174502306138,
      "log_loss": 0.6527630741177181,
      "positive_rate": 0.6802494975975079
    },
    "validation": {
      "row_count": 53810,
      "score_mean": 0.5107347642424164,
      "score_std": 0.13997147320175726,
      "accuracy": 0.5798364616242334,
      "balanced_accuracy": 0.5893317586384463,
      "roc_auc": 0.6282279025917009,
      "average_precision": 0.7700526230931972,
      "log_loss": 0.6687407721333279,
      "positive_rate": 0.6757480022300688
    },
    "research_oos_a": {
      "row_count": 45549,
      "score_mean": 0.511820096422885,
      "score_std": 0.14257334483494355,
      "accuracy": 0.5777294781444159,
      "balanced_accuracy": 0.5867652993556198,
      "roc_auc": 0.6159990750602693,
      "average_precision": 0.7624600122148772,
      "log_loss": 0.6743484034747307,
      "positive_rate": 0.6779073086127028
    }
  },
  "trading_proxy_metrics": {
    "validation": {
      "decision_family": "decision_wave03_mix3_cell009_tradeability_anchor_h8_v0",
      "threshold_policy": "train_quantile_proxy_threshold",
      "threshold_fit_scope": "train_only",
      "long_count": 10726,
      "short_count": 12249,
      "directional_accuracy": 0.4896626768226333,
      "proxy_boundary": "gross_future_return_direction_proxy_no_cost_no_execution",
      "trade_count": 22975,
      "trade_density": 0.4269652480951496,
      "gross_proxy_mean_return": -5.800128983707871e-05,
      "gross_proxy_profit_factor": 0.920680793865116,
      "score_low_threshold": 0.39852219627013585,
      "score_high_threshold": 0.6465772005661305
    },
    "research_oos_a": {
      "decision_family": "decision_wave03_mix3_cell009_tradeability_anchor_h8_v0",
      "threshold_policy": "train_quantile_proxy_threshold",
      "threshold_fit_scope": "train_only",
      "long_count": 9819,
      "short_count": 10711,
      "directional_accuracy": 0.49011203117389185,
      "proxy_boundary": "gross_future_return_direction_proxy_no_cost_no_execution",
      "trade_count": 20530,
      "trade_density": 0.4507233967814881,
      "gross_proxy_mean_return": -2.57854368924634e-05,
      "gross_proxy_profit_factor": 0.9644591255456729,
      "score_low_threshold": 0.39852219627013585,
      "score_high_threshold": 0.6465772005661305
    }
  },
  "runtime_metrics": {},
  "judgment_label": "preserved_clue",
  "claim_boundary": "wave03_bounded_synthesis_mix3_proxy_observation_l4_required_no_candidate_no_selected_baseline_no_runtime_authority_no_economics_pass_no_live_readiness_no_goal_achieve",
  "missing_evidence": [
    "ONNX_export_not_materialized_for_L4_yet",
    "MT5_L4_split_runtime_probe_not_run_yet",
    "candidate_selection_forbidden_before_L4"
  ]
}
