{
  "version": "metrics_v2",
  "run_id": "onnxlab_wave02_elq_cell_004_execution_liquidity_v0",
  "status": "executed_proxy_observation_l4_required",
  "sample_counts": {
    "raw_rows": 308002,
    "train_label_eligible_rows": 25916,
    "validation_label_eligible_rows": 9675,
    "research_oos_a_label_eligible_rows": 8231,
    "locked_final_oos_b_withheld_rows": 6945,
    "locked_final_oos_b_use": "withheld_not_used"
  },
  "model_metrics": {
    "train": {
      "row_count": 25916,
      "score_mean": 0.3479284472008192,
      "score_std": 0.344406081786322,
      "accuracy": 0.8561506405309461,
      "balanced_accuracy": 0.8895029110805486,
      "roc_auc": 0.9416447150706053,
      "average_precision": 0.858498047765378,
      "log_loss": 0.2848942004478459,
      "positive_rate": 0.3472372279672789
    },
    "validation": {
      "row_count": 9675,
      "score_mean": 0.35050751350900455,
      "score_std": 0.3481066041382378,
      "accuracy": 0.8568475452196382,
      "balanced_accuracy": 0.8899590009349176,
      "roc_auc": 0.8930242303504589,
      "average_precision": 0.7108049489331212,
      "log_loss": 0.303816554294227,
      "positive_rate": 0.347906976744186
    },
    "research_oos_a": {
      "row_count": 8231,
      "score_mean": 0.362670794971212,
      "score_std": 0.3576662971566774,
      "accuracy": 0.834770987729316,
      "balanced_accuracy": 0.8759203765269085,
      "roc_auc": 0.8747197405413473,
      "average_precision": 0.6529652746012244,
      "log_loss": 0.33021906335547074,
      "positive_rate": 0.3311869760660916
    }
  },
  "trading_proxy_metrics": {
    "validation": {
      "decision_family": "session_transition_close_gate",
      "threshold_policy": "train_quantile_proxy_threshold",
      "threshold_fit_scope": "train_only",
      "long_count": 2021,
      "short_count": 4925,
      "directional_accuracy": 0.4592571264036856,
      "proxy_boundary": "gross_future_return_direction_proxy_no_cost_no_execution",
      "trade_count": 6946,
      "trade_density": 0.7179328165374677,
      "gross_proxy_mean_return": -9.442793568918414e-05,
      "gross_proxy_profit_factor": 0.8717074232171926,
      "score_low_threshold": 0.010384164384605744,
      "score_high_threshold": 0.7152861058462103
    },
    "research_oos_a": {
      "decision_family": "session_transition_close_gate",
      "threshold_policy": "train_quantile_proxy_threshold",
      "threshold_fit_scope": "train_only",
      "long_count": 2225,
      "short_count": 4150,
      "directional_accuracy": 0.4884705882352941,
      "proxy_boundary": "gross_future_return_direction_proxy_no_cost_no_execution",
      "trade_count": 6375,
      "trade_density": 0.7745109950188312,
      "gross_proxy_mean_return": 0.00018088527895083364,
      "gross_proxy_profit_factor": 1.2582128008341937,
      "score_low_threshold": 0.010384164384605744,
      "score_high_threshold": 0.7152861058462103
    }
  },
  "runtime_metrics": {},
  "judgment_label": "preserved_clue",
  "claim_boundary": "wave02_execution_liquidity_proxy_observation_l4_required_no_candidate_no_runtime_authority_no_economics_pass_no_live_readiness_no_goal_achieve",
  "missing_evidence": [
    "ONNX_export_not_materialized_for_L4_yet",
    "MT5_L4_split_runtime_probe_not_run_yet",
    "candidate_selection_forbidden_before_L4"
  ]
}
